{
	"easycom": {
			"^u-(.*)": "@/uview-ui/components/u-$1/u-$1.vue"
		},
	"pages": [{
			"path": "pages/home/home",
			"style": {
				"navigationBarTitleText": "",
				"enablePullDownRefresh": false,
				"navigationStyle":"custom"
			}

		},{
			"path": "pages/category/category",
			"style": {
				"navigationBarTitleText": "分类",
				"enablePullDownRefresh": false
			}

		}, {
			"path": "pages/cart/cart",
			"style": {
				"navigationBarTitleText": "购物车",
				"enablePullDownRefresh": false,
				"navigationStyle":"custom"
			}

		}, {
			"path": "pages/user/user",
			"style": {
				"navigationBarTitleText": "",
				"enablePullDownRefresh": false,
				"navigationStyle":"custom"
			}

		}
	    ,{
            "path" : "pages/category/category",
            "style" :                                                                                    
            {
                "navigationBarTitleText": "",
                "enablePullDownRefresh": false
            }
            
        }
        ,{
            "path" : "pages/shangpinxiangqing/shangpinxiangqing",
            "style" :                                                                                    
            {
                "navigationBarTitleText": "",
                "enablePullDownRefresh": false,
				"navigationStyle":"custom"
            }
            
        }
       
        ,{
            "path" : "pages/user/dingdan/dingdan",
            "style" :                                                                                    
            {
                "navigationBarTitleText": "订单",
                "enablePullDownRefresh": false
            }
            
        }
        ,{
            "path" : "pages/shangpxqy/shangpxqy",
            "style" :                                                                                    
            {
                "navigationBarTitleText": "",
                "enablePullDownRefresh": false,
				"navigationStyle":"custom"
            }
            
        }
        ,{
            "path" : "pages/user/querendd/querendd",
            "style" :                                                                                    
            {
                "navigationBarTitleText": "确认订单",
                "enablePullDownRefresh": false
            }
            
        }
        ,{
            "path" : "pages/user/login/login",
            "style" :                                                                                    
            {
                "navigationBarTitleText": "登录",
                "enablePullDownRefresh": false
            }
            
        }
		
		
        ,{
            "path" : "pages/user/register/register",
            "style" :                                                                                    
            {
                "navigationBarTitleText": "",
                "enablePullDownRefresh": false,
				"navigationStyle":"custom"
            }
            
        }
        ,{
            "path" : "pages/logistics/logistics",
            "style" :                                                                                    
            {
                "navigationBarTitleText": "物流详情",
                "enablePullDownRefresh": false
            }
            
        }
        ,{
            "path" : "pages/afterSale/afterSale",
            "style" :                                                                                    
            {
                "navigationBarTitleText": "售后/退款",
                "enablePullDownRefresh": false
            }
            
        }
        ,{
            "path" : "pages/afterSale1/afterSale1",
            "style" :                                                                                    
            {
                "navigationBarTitleText": "售后/退款",
                "enablePullDownRefresh": false
            }
            
        }
        ,{
            "path" : "pages/user/register/area/area",
            "style" :                                                                                    
            {
                "navigationBarTitleText": "选择国家和地区代码",
                "enablePullDownRefresh": false
            }

        }
        ,{
            "path" : "pages/user/dingdan/goods/goods",
            "style" :                                                                                    
            {
                "navigationBarTitleText": "待收货",
                "enablePullDownRefresh": false,
				"navigationStyle":"custom"
            }

        }
        ,{
            "path" : "pages/user/dingdan/evaluate/evaluate",
            "style" :                                                                                    
            {
                "navigationBarTitleText": "评价",
                "enablePullDownRefresh": false
            }
            
        }
        ,{
            "path" : "pages/cart/commodity/commodity",
            "style" :                                                                                    
            {
                "navigationBarTitleText": "商品信息",
                "enablePullDownRefresh": false,
				"navigationStyle":"custom"
            }
            
        }
        ,{
            "path" : "pages/cart/commodity/address/address",
            "style" :                                                                                    
            {
                "navigationBarTitleText": "新增地址",
                "enablePullDownRefresh": false
            }

        },
		{
			"path": "pages/comm/conversations/conversations",
			"style": {
				"navigationStyle":"custom",
				"navigationBarTitleText": "会话",
				"navigationBarBackgroundColor" : "#F3F4F7",
				"navigationBarTextStyle" : "black",
				"app-plus" : {
					"titleNView" : true
				}
			}			
		},
		{
			"path": "pages/comm/chat/privateChat/privateChat",
			"style": {
				"navigationBarTitleText": "消息",
				"navigationBarBackgroundColor" : "#F3F4F7",
				"enablePullDownRefresh": true
			}			
		},
		{
			"path": "pages/comm/contacts/contacts",
			"style": {
				"navigationBarTitleText": "通讯录",
				"navigationBarBackgroundColor" : "#F3F4F7",
				"navigationBarTextStyle" : "black"
			}			
		}

    ],
	"globalStyle": {
		"navigationBarTextStyle": "black",
		"navigationBarTitleText": "uni-app",
		"navigationBarBackgroundColor": "#F8F8F8",
		"backgroundColor": "#F8F8F8",
		"app-plus": {
			"background": "#efeff4"
		}
	},
	"tabBar": {
	  "color": "#393939",
	  "selectedColor": "#FF9111",
	  "borderStyle": "#C0C0C0",
	  "backgroundColor": "#ffffff",
	  "list": [{
	    "pagePath": "pages/home/home",
	    "iconPath": "static/tp/shouye@3x1.png",
	    "selectedIconPath": "static/tp/shouye.png",
	    "text": "首页"
	  }, {
	    "pagePath": "pages/category/category",
	    "iconPath": "static/tp/fenlei1.png",
	    "selectedIconPath": "static/tp/fenlei@2x1.png",
	    "text": "分类"
	  }, {
	    "pagePath": "pages/cart/cart",
	    "iconPath": "static/tp/gouwuche.png",
	    "selectedIconPath": "static/tp/gouwuche@2x.png",
	    "text": "购物车"
	  }, 
	  {
	  	"pagePath" : "pages/comm/conversations/conversations",
	  	"text":"信息",
	  	"iconPath":"static/comm-images/chat.png",
	  	"selectedIconPath":"static/comm-images/chat-active.png"
	  }, {
	    "pagePath": "pages/user/user",
	    "iconPath": "static/tp/wode@2x.png",
	    "selectedIconPath": "static/tp/wode1.png",
	    "text": "我的"
	  }]
	}
}
